time_1,time_2,claro_uem,nublado_uem,int_uem,claro_dindiza,nublado_dindiza,int_dindiza,claro_massangena,nublado_massangena,int_massangena,claro_pomene,nublado_pomene,int_pomene,claro_maravia,nublado_maravia,int_maravia,claro_nhangau,nublado_nhangau,int_nhangau,claro_nhapassa_1,nublado_nhapassa_1,int_nhapassa_1,claro_lugela_1,nublado_lugela_1,int_lugela_1,claro_chomba,nublado_chomba,int_chomba,claro_nanhupo_1,nublado-nanhupo_1,int_nanhupo_1,claro_massangulo_1,nublado_massangulo_1,int_massangulo_1
6:00:00,6:00:00,,,0.96138961,,,1.458203964,,,0.642233418,,,0.213065534,,,0.354215662,,,0.790861368,,,0.76972449,,,0.643586697,,,0.521937256,,,0.517233471,1.33455453,0.396355963,0.8802
6:01:00,6:10:00,,,0.958625909,,,1.404950699,,,0.73959371,,,0.241108806,,,0.436188094,,,0.834595297,,,0.795623554,,,0.698773406,,,0.501355873,,,0.609155843,0.947938053,0.356234674,0.856
6:02:00,6:20:00,,,0.955863023,,,1.358062827,,,0.75793446,,,0.266237487,,,0.578690722,,,0.98983208,,,0.831472766,,,0.744589872,,,0.616836875,,,0.665144231,0.686336121,0.198566148,1.1046
6:03:00,6:30:00,,,0.960981332,,,1.321741277,,,0.818796457,,,0.18763224,,,0.585159637,,,1.075893184,,,0.849727505,,,0.764582423,,,0.716299166,,,0.746857915,0.705738081,0.388977482,1.1902
6:04:00,6:40:00,,,0.958079716,,,1.290751651,,,0.841031126,,,0.14560812,,,0.634748991,,,1.078192906,,,0.869645555,,,0.785038155,,,0.710962359,,,0.774643516,0.807435625,0.243612679,1.1681
6:05:00,6:50:00,,,0.940032362,,,1.263704586,,,0.611326636,,,0.168266115,,,0.774188607,,,0.699057658,,,0.888191969,,,0.802433593,,,0.729594652,,,0.793114125,0.857270102,0.234414369,0.749
6:06:00,7:00:00,,,0.937446917,,,1.243143145,,,1.206276825,,,0.201452435,,,0.796109649,,,0.670784992,,,0.904565901,,,0.810975974,,,0.836491047,,,0.801968506,0.605828663,0.209980323,0.7339
6:07:00,7:10:00,,,0.934872883,,,1.226760542,,,0.849548581,,,0.193259758,,,0.762283363,,,0.801571547,,,0.908910021,,,0.818787021,,,0.78786225,,,0.807060868,0.647311508,0.237587573,0.9373
6:08:00,7:20:00,,,0.932312083,,,1.210297554,,,1.152440481,,,0.219407331,,,0.842191737,,,0.824435295,,,0.859489149,,,0.834166028,,,0.825210151,,,0.832635369,0.683483614,0.422684601,0.877
6:09:00,7:30:00,,,0.929767723,,,1.190904832,,,1.27488166,,,0.304182842,,,0.963724987,,,0.753857482,,,0.91929365,,,0.847304993,,,0.794519301,,,0.850264653,0.553680475,0.647340505,1.0381
6:10:00,7:40:00,,,0.934160703,,,1.173019826,,,0.850490057,,,0.376770816,,,1.033538214,,,1.015658099,,,0.915758089,,,0.85868028,,,0.654462097,,,0.860058656,0.947118253,0.510288787,0.6839
6:11:00,7:50:00,,,0.945132148,,,1.160782427,,,0.283007669,,,0.489739237,,,1.016501997,,,0.867040033,,,0.918061854,,,0.86337822,,,0.749601616,,,0.874282307,0.916834289,0.555402349,0.8796
6:12:00,8:00:00,,,0.928930349,,,1.150060298,,,0.302719591,,,0.688178397,,,0.994227763,,,0.62813317,,,0.92386227,,,0.877431375,,,0.578977954,,,0.885132087,0.915470187,0.653113056,1.1015
6:13:00,8:10:00,,,0.919783411,,,1.136520137,,,0.349989243,,,0.775193139,,,0.986757513,,,0.65173341,,,0.925118023,,,0.897423407,,,0.434707378,,,0.897156393,0.734336028,0.550112988,1.0633
6:14:00,8:20:00,,,0.917343351,,,1.137863111,,,1.134060914,,,1.023197496,,,0.992503136,,,0.575975919,,,0.948351629,,,0.896995291,,,0.469170745,,,0.911042918,0.886936684,0.470260243,1.4011
6:15:00,8:30:00,,,0.889512928,,,1.141471273,,,0.633771842,,,0.97197664,,,1.004018453,,,0.518523977,,,0.953586819,,,0.901569306,,,0.747945182,,,0.840938586,0.824023412,0.503343597,1.2446
6:16:00,8:40:00,,,0.88753673,,,1.131632803,,,0.297780081,,,0.566588598,,,1.007457637,,,0.920526948,,,0.951057893,,,0.90452378,,,0.968037213,,,0.8138146,0.836968039,0.884267552,1.0522
6:17:00,8:50:00,,,0.891724722,,,1.129470391,,,0.957372067,,,0.635519478,,,1.007616566,,,1.01548349,,,0.937221134,,,0.906193843,,,0.809669589,,,0.842535393,0.75699983,0.603920131,1.0475
6:18:00,9:00:00,,,0.889680692,,,1.129414181,,,0.682622748,,,0.629179314,,,1.007118257,,,0.766462568,,,0.963089583,,,0.911393233,,,0.720024561,,,0.939585602,0.952499891,0.691232327,1.0917
6:19:00,9:10:00,,,0.881699323,,,1.135880832,,,0.352090401,,,0.445978845,,,1.006361346,,,0.841965214,,,0.966337228,,,0.936067334,,,0.662351065,,,0.921675007,0.988433071,0.540211826,1.1024
6:20:00,9:20:00,,,0.897383072,,,1.143261384,,,0.595515504,,,0.348784598,,,1.005326219,,,0.863551049,,,0.963366168,,,0.941244546,,,0.771046524,,,0.91407903,0.802214112,1.151477735,0.718
6:21:00,9:30:00,,,0.889445646,,,0.778533272,,,1.087357682,,,0.413054097,,,1.006416309,,,0.969218631,,,0.969737458,,,0.943706409,,,0.835710952,,,0.942712879,0.421842476,1.237525944,0.8189
6:22:00,9:40:00,,,0.881708775,,,0.841730892,,,0.418119969,,,0.404698345,,,1.010775377,,,0.911668245,,,0.972787969,,,0.946292066,,,0.826806469,,,0.929460192,0.676940962,0.798081076,1.2049
6:23:00,9:50:00,,,0.829337387,,,0.909848562,,,1.111371396,,,0.435189768,,,1.015159882,,,0.762201995,,,0.982954489,,,0.967099064,,,0.700617145,,,0.930281898,0.740722214,1.145667018,1.0486
6:24:00,10:00:00,,,0.87785387,,,1.094763788,,,1.116265658,,,0.46620826,,,1.026899163,,,0.747401652,,,0.994390132,,,0.970965656,,,0.797383668,,,0.920053971,1.050295764,0.59745502,1.1699
6:25:00,10:10:00,,,0.854198378,,,1.090835869,,,1.142145717,,,0.366610971,,,1.048984742,,,0.860204327,,,0.893897235,,,0.778086534,,,0.774424862,,,0.901228269,1.157508459,1.043435932,0.9412
6:26:00,10:20:00,,,0.536252993,,,1.095148701,,,1.165807858,,,0.365921608,,,0.996252162,,,0.979745799,,,0.851945341,,,0.956671019,,,0.790127829,,,0.924853157,1.156181016,0.58705236,0.6683
6:27:00,10:30:00,,,0.375330529,,,1.106353376,,,1.131139333,,,0.442951728,,,0.894074912,,,0.928347877,,,1.000521043,,,0.960504639,,,0.81340698,,,0.922855241,1.1467651,1.059321071,0.6508
6:28:00,10:40:00,,,0.505576907,,,1.110185995,,,0.645951046,,,0.775579498,,,0.833441939,,,0.739370038,,,0.990819038,,,0.949097125,,,0.684632412,,,0.91756337,1.140684055,0.91611566,0.6718
6:29:00,10:50:00,,,0.904608343,,,1.093801181,,,1.086022807,,,1.110654745,,,0.713592826,,,1.007244214,,,0.450587881,,,0.937366198,,,0.833044803,,,0.918082537,0.872800134,1.198267179,1.2208
6:30:00,11:00:00,,,0.932758938,,,0.915483232,,,1.065245766,,,0.951966777,,,0.705227879,,,0.991735833,,,0.544121509,,,0.950154726,,,0.64848036,,,0.915856493,1.133166125,1.129582017,1.0552
6:31:00,11:10:00,,,0.930118751,,,1.054510788,,,0.943313126,,,0.986963937,,,0.733752631,,,0.963420705,,,1.059273505,,,0.965799369,,,0.81704104,,,0.920042208,1.079898448,1.16849524,1.2219
6:32:00,11:20:00,,,0.912724713,,,0.797764864,,,0.920181365,,,0.779421518,,,0.599983244,,,1.021392789,,,0.802148459,,,0.973944024,,,0.409775692,,,0.923881498,0.300444129,0.452669101,0.5023
6:33:00,11:30:00,,,0.915241898,,,0.640882415,,,0.422158588,,,0.43751474,,,0.759730573,,,1.027197146,,,0.693572561,,,0.958721338,,,0.855622726,,,0.92277041,0.22513155,0.240714216,0.4554
6:34:00,11:40:00,,,0.912868474,,,0.725221043,,,0.492973171,,,0.477372948,,,0.814960146,,,0.996685889,,,0.514315087,,,0.966476326,,,0.912425205,,,0.860537239,0.240787173,0.228690222,0.4826
6:35:00,11:50:00,,,0.915279297,,,1.056775764,,,1.015519781,,,1.018006869,,,0.922987266,,,1.087377415,,,1.031774751,,,0.954858487,,,0.970519124,,,0.923871416,0.643022744,0.879694248,0.3868
6:36:00,12:00:00,,,0.91761014,,,1.068398061,,,1.041662341,,,0.695739144,,,0.891501637,,,0.966425204,,,0.849319488,,,0.90657499,,,0.939771557,,,0.920985707,0.466002478,0.613787473,0.9138
6:37:00,12:10:00,,,0.915242448,,,1.077176356,,,1.066885054,,,0.498448125,,,0.874185052,,,0.589609365,,,0.823143597,,,0.967947921,,,0.822345901,,,0.916454927,0.733488203,0.548359774,1.1112
6:38:00,12:20:00,,,0.917481963,,,1.085933606,,,1.053416999,,,0.536827719,,,0.973507449,,,0.78789274,,,0.564581874,,,0.944015742,,,0.774341633,,,0.930403322,0.746155944,0.503953653,1.138
6:39:00,12:30:00,,,0.915143268,,,1.09838833,,,0.973244275,,,0.59712177,,,0.894118324,,,0.967029642,,,1.146360562,,,0.567247628,,,1.03989748,,,0.881242927,0.558930637,1.151355836,1.1521
6:40:00,12:40:00,,,0.91730046,,,1.134609529,,,1.084598948,,,0.581835045,,,0.75467575,,,0.853193769,,,1.098208227,,,0.916709798,,,1.000603459,,,0.948870605,0.800994747,1.08384724,0.9764
6:41:00,12:50:00,,,0.910594096,,,1.100588384,,,1.129649282,,,1.037497645,,,0.9556833,,,0.661296987,,,1.039717888,,,0.648081474,,,0.905061173,,,0.941897522,0.927661906,1.278388325,1.1198
6:42:00,13:00:00,,,0.912729147,,,1.065504034,,,1.09954455,,,1.033757044,,,0.974217941,,,0.743005115,,,1.010432284,,,0.890012907,,,0.81203228,,,0.948304044,1.114462193,1.096488619,0.9846
6:43:00,13:10:00,,,0.91050689,,,1.050075137,,,0.93919607,,,0.977948136,,,1.085685026,,,0.771276522,,,0.579449035,,,0.761964422,,,1.035722769,,,0.963238833,1.136113843,1.160339165,1.0242
6:44:00,13:20:00,,,0.908326517,,,1.047842157,,,1.008061575,,,0.997635421,,,1.073002357,,,1.018649336,,,0.604526741,,,1.05067219,,,0.673701845,,,0.987139255,0.683313799,1.218366157,1.113
6:45:00,13:30:00,,,0.906186704,,,1.05162613,,,0.997697841,,,0.961793001,,,0.940150356,,,0.661920079,,,1.123568549,,,0.744994087,,,0.807792373,,,1.014679887,0.907826725,0.884458509,1.1874
6:46:00,13:40:00,,,0.916529005,,,1.051549141,,,0.989792553,,,0.674921398,,,0.839526825,,,0.425328497,,,1.155287954,,,0.81557088,,,0.829765076,,,0.922603278,0.841222075,0.31557288,1.1748
6:47:00,13:50:00,,,0.922528133,,,1.052880714,,,0.987099599,,,0.817730236,,,0.779354421,,,0.451829998,,,0.779991499,,,0.717395016,,,1.151897085,,,0.96570224,0.960192108,0.590079009,1.2521
6:48:00,14:00:00,,,0.924331088,,,1.049855907,,,0.958585045,,,0.847946469,,,0.605359423,,,0.464314332,,,0.399713756,,,0.988720031,,,1.143222813,,,1.001467554,0.908582975,0.447956206,1.1977
6:49:00,14:10:00,,,0.926087189,,,0.92197557,,,0.877030555,,,0.86711126,,,0.660014632,,,0.917929101,,,0.311564788,,,0.983745142,,,1.06166696,,,1.006679542,1.009103452,0.436271061,1.0508
6:50:00,14:20:00,,,0.943658285,,,1.026371071,,,0.987890251,,,0.83180367,,,0.690211032,,,0.810170944,,,1.166984347,,,0.832746286,,,0.391553413,,,1.004550105,0.997424044,0.537095668,1.0763
6:51:00,14:30:00,,,0.949076366,,,1.051321667,,,0.994834882,,,0.771824619,,,0.98802762,,,1.161267577,,,1.106799298,,,0.973938566,,,0.906755688,,,0.81972177,1.046220633,0.28463213,0.6533
6:52:00,14:40:00,,,0.954372546,,,1.053182296,,,0.999602253,,,1.007521086,,,0.935875023,,,0.866691063,,,0.304703065,,,0.732273921,,,1.057901813,,,0.264374398,1.144884107,0.216093834,0.5109
6:53:00,14:50:00,,,0.955713408,,,1.053313254,,,1.004568675,,,0.971595081,,,1.030252087,,,0.70521617,,,1.085087497,,,0.931183398,,,1.023342013,,,0.261566025,1.18267081,0.200733228,0.9387
6:54:00,15:00:00,,,0.9608199,,,1.053537349,,,0.99773197,,,1.020003618,,,1.031923959,,,1.165393324,,,0.91707245,,,0.979775389,,,0.949864427,,,0.26254499,1.208035763,0.220133781,1.1737
6:55:00,15:10:00,,,0.965816626,,,1.050492534,,,1.00494085,,,1.007986018,,,1.11668436,,,0.877221136,,,1.205238917,,,1.170923152,,,1.055290332,,,0.530852805,1.037534038,0.243683096,0.5588
6:56:00,15:20:00,,,0.978145974,,,1.052886408,,,1.014799323,,,0.996421936,,,0.946763088,,,1.205738082,,,1.122544755,,,0.869453037,,,1.052306411,,,0.198281048,0.794589324,0.297754598,0.7128
6:57:00,15:30:00,,,0.971815244,,,1.059491931,,,1.011759002,,,0.993118019,,,1.084210376,,,1.258672393,,,1.178728402,,,0.872733187,,,1.056890828,,,0.174648904,0.938198609,0.375656168,1.0772
6:58:00,15:40:00,,,1.009337508,,,1.059656522,,,1.010758416,,,0.994216242,,,0.983230385,,,1.259162883,,,1.239908505,,,0.827994157,,,1.059732806,,,0.193734573,0.644407962,0.901003882,0.8509
6:59:00,15:50:00,,,1.013640327,,,1.063783091,,,1.024706896,,,1.000969379,,,1.258215129,,,1.171870414,,,1.191940383,,,0.590573948,,,1.096071948,,,0.25091226,0.867223035,1.392754788,0.9107
7:00:00,16:00:00,,,1.003571617,,,1.068674261,,,1.029247648,,,0.975013378,,,1.267782841,,,0.934313432,,,0.992421405,,,0.310863301,,,1.127105012,,,0.354834672,0.856783533,0.93596451,1.0673
7:01:00,16:10:00,,,0.997237304,,,1.076248145,,,1.03167625,,,0.976601744,,,1.359520995,,,1.234313123,,,1.187003993,,,0.802576554,,,1.14667685,,,0.644830928,0.613420521,0.677639145,1.0705
7:02:00,16:20:00,,,0.994529027,,,1.074270608,,,1.027999282,,,0.961982053,,,1.098538117,,,1.256035197,,,1.258805887,,,1.159523499,,,1.168620503,,,0.722388858,0.465122538,0.693882341,0.9537
7:03:00,16:30:00,,,0.998810095,,,1.082563506,,,1.033361009,,,0.951092954,,,0.808491946,,,1.265408873,,,1.280553672,,,1.122910809,,,1.206705907,,,0.736652686,0.43919989,0.810609699,1.0945
7:04:00,16:40:00,,,0.996141167,,,1.08258114,,,1.045099351,,,0.936707868,,,0.747393397,,,1.338983247,,,1.242959785,,,1.243024829,,,1.259323429,,,0.764176395,0.445686415,0.727483566,1.1055
7:05:00,16:50:00,,,1.007134334,,,1.084869711,,,1.041427791,,,0.914409662,,,1.071677886,,,,,,1.253734559,,,1.162673055,,,1.303206279,,,0.756925288,0.463862028,0.627901579,0.6226
7:06:00,17:00:00,,,1.017924246,,,1.087066476,,,1.046504219,,,0.908352016,,,1.569673093,,,,,,1.32654714,,,1.188351503,,,,,,0.788502288,0.52262814,0.53817897,0.4965
7:07:00,17:10:00,,,1.015159552,,,1.091199104,,,1.048771469,,,0.904346418,,,1.549106533,,,,,,1.395935864,,,1.139548794,,,,,,0.835016022,0.675621041,0.476532196,0.164
7:08:00,17:20:00,,,1.015757581,,,1.094919058,,,1.051132568,,,0.876864813,,,0.817181426,,,,,,1.33492562,,,1.256871776,,,,,,0.924307134,0.684150104,0.441760056,0.1431
7:09:00,17:30:00,,,1.016348456,,,1.078996051,,,1.040008185,,,0.781191617,,,0.830983319,,,,,,1.095029001,,,,,,,,,,0.662113967,0.356096184,0.131
7:10:00,17:40:00,,,1.010434983,,,0.933894021,,,1.072646719,,,0.61642895,,,1.309734089,,,,,,,,,,,,,,,,0.447094742,0.261485674,0.1149
7:11:00,17:50:00,,,1.020731111,,,0.703179023,,,0.937343575,,,0.456070411,,,,,,,,,,,,,,,,,,,0.160156262,0.153813012,0.0961
7:12:00,18:00:00,,,1.021275683,,,,,,0.597506771,,,0.271247057,,,,,,,,,,,,,,,,,,,0.034529835,0.036673575,0.0598
7:13:00,,,,1.015489077,,,,,,,,,,,,,,,,,,,,,,,,,,,,,,
7:14:00,,,,1.012944296,,,,,,,,,,,,,,,,,,,,,,,,,,,,,,
7:15:00,,,,1.016667668,,,,,,,,,,,,,,,,,,,,,,,,,,,,,,
7:16:00,,,,1.020333559,,,,,,,,,,,,,,,,,,,,,,,,,,,,,,
7:17:00,,,,1.005604773,,,,,,,,,,,,,,,,,,,,,,,,,,,,,,
7:18:00,,,,1.015377249,,,,,,,,,,,,,,,,,,,,,,,,,,,,,,
7:19:00,,,,1.028000553,,,,,,,,,,,,,,,,,,,,,,,,,,,,,,
7:20:00,,,,1.040423898,,,,,,,,,,,,,,,,,,,,,,,,,,,,,,
7:21:00,,,,1.046739157,,,,,,,,,,,,,,,,,,,,,,,,,,,,,,
7:22:00,,,,1.026563339,,,,,,,,,,,,,,,,,,,,,,,,,,,,,,
7:23:00,,,,1.041633519,,,,,,,,,,,,,,,,,,,,,,,,,,,,,,
7:24:00,,,,1.033381311,,,,,,,,,,,,,,,,,,,,,,,,,,,,,,
7:25:00,,,,1.016676032,,,,,,,,,,,,,,,,,,,,,,,,,,,,,,
7:26:00,,,,1.022972726,,,,,,,,,,,,,,,,,,,,,,,,,,,,,,
7:27:00,,,,1.012263468,,,,,,,,,,,,,,,,,,,,,,,,,,,,,,
7:28:00,,,,1.015717954,,,,,,,,,,,,,,,,,,,,,,,,,,,,,,
7:29:00,,,,1.013575832,,,,,,,,,,,,,,,,,,,,,,,,,,,,,,
7:30:00,,,,1.008719998,,,,,,,,,,,,,,,,,,,,,,,,,,,,,,
7:31:00,,,,1.009417522,,,,,,,,,,,,,,,,,,,,,,,,,,,,,,
7:32:00,,,,1.0182611,,,,,,,,,,,,,,,,,,,,,,,,,,,,,,
7:33:00,,,,1.024290116,,,,,,,,,,,,,,,,,,,,,,,,,,,,,,
7:34:00,,,,1.03024264,,,,,,,,,,,,,,,,,,,,,,,,,,,,,,
7:35:00,,,,1.030807069,,,,,,,,,,,,,,,,,,,,,,,,,,,,,,
7:36:00,,,,1.057752534,,,,,,,,,,,,,,,,,,,,,,,,,,,,,,
7:37:00,,,,1.092186168,,,,,,,,,,,,,,,,,,,,,,,,,,,,,,
7:38:00,,,,1.097540586,,,,,,,,,,,,,,,,,,,,,,,,,,,,,,
7:39:00,,,,1.09508468,,,,,,,,,,,,,,,,,,,,,,,,,,,,,,
7:40:00,,,,1.095240408,,,,,,,,,,,,,,,,,,,,,,,,,,,,,,
7:41:00,,,,1.123428822,,,,,,,,,,,,,,,,,,,,,,,,,,,,,,
7:42:00,,,,1.105704949,,,,,,,,,,,,,,,,,,,,,,,,,,,,,,
7:43:00,,,,0.997755763,,,,,,,,,,,,,,,,,,,,,,,,,,,,,,
7:44:00,,,,1.090978045,,,,,,,,,,,,,,,,,,,,,,,,,,,,,,
7:45:00,,,,0.930017849,,,,,,,,,,,,,,,,,,,,,,,,,,,,,,
7:46:00,,,,1.069299602,,,,,,,,,,,,,,,,,,,,,,,,,,,,,,
7:47:00,,,,1.106424824,,,,,,,,,,,,,,,,,,,,,,,,,,,,,,
7:48:00,,,,1.128493492,,,,,,,,,,,,,,,,,,,,,,,,,,,,,,
7:49:00,,,,1.13821189,,,,,,,,,,,,,,,,,,,,,,,,,,,,,,
7:50:00,,,,1.143019539,,,,,,,,,,,,,,,,,,,,,,,,,,,,,,
7:51:00,,,,1.080966882,,,,,,,,,,,,,,,,,,,,,,,,,,,,,,
7:52:00,,,,1.131157206,,,,,,,,,,,,,,,,,,,,,,,,,,,,,,
7:53:00,,,,1.140677592,,,,,,,,,,,,,,,,,,,,,,,,,,,,,,
7:54:00,,,,1.133700297,,,,,,,,,,,,,,,,,,,,,,,,,,,,,,
7:55:00,,,,1.117510606,,,,,,,,,,,,,,,,,,,,,,,,,,,,,,
7:56:00,,,,1.106159403,,,,,,,,,,,,,,,,,,,,,,,,,,,,,,
7:57:00,,,,1.097259521,,,,,,,,,,,,,,,,,,,,,,,,,,,,,,
7:58:00,,,,1.081619988,,,,,,,,,,,,,,,,,,,,,,,,,,,,,,
7:59:00,,,,1.0980059,,,,,,,,,,,,,,,,,,,,,,,,,,,,,,
8:00:00,,,,1.107435931,,,,,,,,,,,,,,,,,,,,,,,,,,,,,,
8:01:00,,,,1.080820254,,,,,,,,,,,,,,,,,,,,,,,,,,,,,,
8:02:00,,,,1.085803532,,,,,,,,,,,,,,,,,,,,,,,,,,,,,,
8:03:00,,,,1.132953675,,,,,,,,,,,,,,,,,,,,,,,,,,,,,,
8:04:00,,,,1.142036087,,,,,,,,,,,,,,,,,,,,,,,,,,,,,,
8:05:00,,,,0.907207717,,,,,,,,,,,,,,,,,,,,,,,,,,,,,,
8:06:00,,,,1.114074455,,,,,,,,,,,,,,,,,,,,,,,,,,,,,,
8:07:00,,,,1.062331172,,,,,,,,,,,,,,,,,,,,,,,,,,,,,,
8:08:00,,,,0.73460955,,,,,,,,,,,,,,,,,,,,,,,,,,,,,,
8:09:00,,,,1.078766362,,,,,,,,,,,,,,,,,,,,,,,,,,,,,,
8:10:00,,,,1.053745512,,,,,,,,,,,,,,,,,,,,,,,,,,,,,,
8:11:00,,,,0,,,,,,,,,,,,,,,,,,,,,,,,,,,,,,
8:12:00,,,,0,,,,,,,,,,,,,,,,,,,,,,,,,,,,,,
8:13:00,,,,0,,,,,,,,,,,,,,,,,,,,,,,,,,,,,,
8:14:00,,,,0,,,,,,,,,,,,,,,,,,,,,,,,,,,,,,
8:15:00,,,,1.091007591,,,,,,,,,,,,,,,,,,,,,,,,,,,,,,
8:16:00,,,,1.070936547,,,,,,,,,,,,,,,,,,,,,,,,,,,,,,
8:17:00,,,,0.350361998,,,,,,,,,,,,,,,,,,,,,,,,,,,,,,
8:18:00,,,,0.719760196,,,,,,,,,,,,,,,,,,,,,,,,,,,,,,
8:19:00,,,,1.032432434,,,,,,,,,,,,,,,,,,,,,,,,,,,,,,
8:20:00,,,,1.01717767,,,,,,,,,,,,,,,,,,,,,,,,,,,,,,
8:21:00,,,,1.022292247,,,,,,,,,,,,,,,,,,,,,,,,,,,,,,
8:22:00,,,,1.023352035,,,,,,,,,,,,,,,,,,,,,,,,,,,,,,
8:23:00,,,,1.008411182,,,,,,,,,,,,,,,,,,,,,,,,,,,,,,
8:24:00,,,,1.001594652,,,,,,,,,,,,,,,,,,,,,,,,,,,,,,
8:25:00,,,,1.006749666,,,,,,,,,,,,,,,,,,,,,,,,,,,,,,
8:26:00,,,,0.996092411,,,,,,,,,,,,,,,,,,,,,,,,,,,,,,
8:27:00,,,,1.011073071,,,,,,,,,,,,,,,,,,,,,,,,,,,,,,
8:28:00,,,,1.027885089,,,,,,,,,,,,,,,,,,,,,,,,,,,,,,
8:29:00,,,,1.011491166,,,,,,,,,,,,,,,,,,,,,,,,,,,,,,
8:30:00,,,,0.815186314,,,,,,,,,,,,,,,,,,,,,,,,,,,,,,
8:31:00,,,,1.015821943,,,,,,,,,,,,,,,,,,,,,,,,,,,,,,
8:32:00,,,,0.986320711,,,,,,,,,,,,,,,,,,,,,,,,,,,,,,
8:33:00,,,,1.008678911,,,,,,,,,,,,,,,,,,,,,,,,,,,,,,
8:34:00,,,,1.009934488,,,,,,,,,,,,,,,,,,,,,,,,,,,,,,
8:35:00,,,,1.024451001,,,,,,,,,,,,,,,,,,,,,,,,,,,,,,
8:36:00,,,,1.023774971,,,,,,,,,,,,,,,,,,,,,,,,,,,,,,
8:37:00,,,,1.041894544,,,,,,,,,,,,,,,,,,,,,,,,,,,,,,
8:38:00,,,,0.650506033,,,,,,,,,,,,,,,,,,,,,,,,,,,,,,
8:39:00,,,,1.033050551,,,,,,,,,,,,,,,,,,,,,,,,,,,,,,
8:40:00,,,,1.013881936,,,,,,,,,,,,,,,,,,,,,,,,,,,,,,
8:41:00,,,,1.015194283,,,,,,,,,,,,,,,,,,,,,,,,,,,,,,
8:42:00,,,,1.01467461,,,,,,,,,,,,,,,,,,,,,,,,,,,,,,
8:43:00,,,,1.012345484,,,,,,,,,,,,,,,,,,,,,,,,,,,,,,
8:44:00,,,,1.024637874,,,,,,,,,,,,,,,,,,,,,,,,,,,,,,
8:45:00,,,,1.025953348,,,,,,,,,,,,,,,,,,,,,,,,,,,,,,
8:46:00,,,,1.039935514,,,,,,,,,,,,,,,,,,,,,,,,,,,,,,
8:47:00,,,,1.052022732,,,,,,,,,,,,,,,,,,,,,,,,,,,,,,
8:48:00,,,,1.03891189,,,,,,,,,,,,,,,,,,,,,,,,,,,,,,
8:49:00,,,,1.084902851,,,,,,,,,,,,,,,,,,,,,,,,,,,,,,
8:50:00,,,,0.327594007,,,,,,,,,,,,,,,,,,,,,,,,,,,,,,
8:51:00,,,,0.624296218,,,,,,,,,,,,,,,,,,,,,,,,,,,,,,
8:52:00,,,,0.786233882,,,,,,,,,,,,,,,,,,,,,,,,,,,,,,
8:53:00,,,,0.212977904,,,,,,,,,,,,,,,,,,,,,,,,,,,,,,
8:54:00,,,,0.206919898,,,,,,,,,,,,,,,,,,,,,,,,,,,,,,
8:55:00,,,,0.204404678,,,,,,,,,,,,,,,,,,,,,,,,,,,,,,
8:56:00,,,,0.222798961,,,,,,,,,,,,,,,,,,,,,,,,,,,,,,
8:57:00,,,,1.064836387,,,,,,,,,,,,,,,,,,,,,,,,,,,,,,
8:58:00,,,,1.074804979,,,,,,,,,,,,,,,,,,,,,,,,,,,,,,
8:59:00,,,,1.077833194,,,,,,,,,,,,,,,,,,,,,,,,,,,,,,
9:00:00,,,,1.094583708,,,,,,,,,,,,,,,,,,,,,,,,,,,,,,
9:01:00,,,,1.109524969,,,,,,,,,,,,,,,,,,,,,,,,,,,,,,
9:02:00,,,,0.24191223,,,,,,,,,,,,,,,,,,,,,,,,,,,,,,
9:03:00,,,,0.93373168,,,,,,,,,,,,,,,,,,,,,,,,,,,,,,
9:04:00,,,,1.111546208,,,,,,,,,,,,,,,,,,,,,,,,,,,,,,
9:05:00,,,,0.298435769,,,,,,,,,,,,,,,,,,,,,,,,,,,,,,
9:06:00,,,,1.048552873,,,,,,,,,,,,,,,,,,,,,,,,,,,,,,
9:07:00,,,,1.08857841,,,,,,,,,,,,,,,,,,,,,,,,,,,,,,
9:08:00,,,,0.647636494,,,,,,,,,,,,,,,,,,,,,,,,,,,,,,
9:09:00,,,,1.089698751,,,,,,,,,,,,,,,,,,,,,,,,,,,,,,
9:10:00,,,,1.099402206,,,,,,,,,,,,,,,,,,,,,,,,,,,,,,
9:11:00,,,,1.061129441,,,,,,,,,,,,,,,,,,,,,,,,,,,,,,
9:12:00,,,,0.22571284,,,,,,,,,,,,,,,,,,,,,,,,,,,,,,
9:13:00,,,,0.2233517,,,,,,,,,,,,,,,,,,,,,,,,,,,,,,
9:14:00,,,,0.749794926,,,,,,,,,,,,,,,,,,,,,,,,,,,,,,
9:15:00,,,,1.059157023,,,,,,,,,,,,,,,,,,,,,,,,,,,,,,
9:16:00,,,,1.042855909,,,,,,,,,,,,,,,,,,,,,,,,,,,,,,
9:17:00,,,,1.025051812,,,,,,,,,,,,,,,,,,,,,,,,,,,,,,
9:18:00,,,,1.030012446,,,,,,,,,,,,,,,,,,,,,,,,,,,,,,
9:19:00,,,,1.03818541,,,,,,,,,,,,,,,,,,,,,,,,,,,,,,
9:20:00,,,,1.036684153,,,,,,,,,,,,,,,,,,,,,,,,,,,,,,
9:21:00,,,,1.036812733,,,,,,,,,,,,,,,,,,,,,,,,,,,,,,
9:22:00,,,,1.040154746,,,,,,,,,,,,,,,,,,,,,,,,,,,,,,
9:23:00,,,,1.035529978,,,,,,,,,,,,,,,,,,,,,,,,,,,,,,
9:24:00,,,,1.032539093,,,,,,,,,,,,,,,,,,,,,,,,,,,,,,
9:25:00,,,,1.054927543,,,,,,,,,,,,,,,,,,,,,,,,,,,,,,
9:26:00,,,,0.980858807,,,,,,,,,,,,,,,,,,,,,,,,,,,,,,
9:27:00,,,,1.044254151,,,,,,,,,,,,,,,,,,,,,,,,,,,,,,
9:28:00,,,,0.287430491,,,,,,,,,,,,,,,,,,,,,,,,,,,,,,
9:29:00,,,,1.051004072,,,,,,,,,,,,,,,,,,,,,,,,,,,,,,
9:30:00,,,,1.043445097,,,,,,,,,,,,,,,,,,,,,,,,,,,,,,
9:31:00,,,,1.034388165,,,,,,,,,,,,,,,,,,,,,,,,,,,,,,
9:32:00,,,,1.036274004,,,,,,,,,,,,,,,,,,,,,,,,,,,,,,
9:33:00,,,,1.04436642,,,,,,,,,,,,,,,,,,,,,,,,,,,,,,
9:34:00,,,,1.046253217,,,,,,,,,,,,,,,,,,,,,,,,,,,,,,
9:35:00,,,,1.055856023,,,,,,,,,,,,,,,,,,,,,,,,,,,,,,
9:36:00,,,,1.046979099,,,,,,,,,,,,,,,,,,,,,,,,,,,,,,
9:37:00,,,,1.036633097,,,,,,,,,,,,,,,,,,,,,,,,,,,,,,
9:38:00,,,,1.03859514,,,,,,,,,,,,,,,,,,,,,,,,,,,,,,
9:39:00,,,,1.037514752,,,,,,,,,,,,,,,,,,,,,,,,,,,,,,
9:40:00,,,,1.027326606,,,,,,,,,,,,,,,,,,,,,,,,,,,,,,
9:41:00,,,,1.041499017,,,,,,,,,,,,,,,,,,,,,,,,,,,,,,
9:42:00,,,,1.046533726,,,,,,,,,,,,,,,,,,,,,,,,,,,,,,
9:43:00,,,,1.044008757,,,,,,,,,,,,,,,,,,,,,,,,,,,,,,
9:44:00,,,,1.059601953,,,,,,,,,,,,,,,,,,,,,,,,,,,,,,
9:45:00,,,,1.085666176,,,,,,,,,,,,,,,,,,,,,,,,,,,,,,
9:46:00,,,,0.81159318,,,,,,,,,,,,,,,,,,,,,,,,,,,,,,
9:47:00,,,,1.038706522,,,,,,,,,,,,,,,,,,,,,,,,,,,,,,
9:48:00,,,,0.3673424,,,,,,,,,,,,,,,,,,,,,,,,,,,,,,
9:49:00,,,,0.835817517,,,,,,,,,,,,,,,,,,,,,,,,,,,,,,
9:50:00,,,,1.065836663,,,,,,,,,,,,,,,,,,,,,,,,,,,,,,
9:51:00,,,,1.159875129,,,,,,,,,,,,,,,,,,,,,,,,,,,,,,
9:52:00,,,,1.149922584,,,,,,,,,,,,,,,,,,,,,,,,,,,,,,
9:53:00,,,,1.15923179,,,,,,,,,,,,,,,,,,,,,,,,,,,,,,
9:54:00,,,,0.7647702,,,,,,,,,,,,,,,,,,,,,,,,,,,,,,
9:55:00,,,,0.410242631,,,,,,,,,,,,,,,,,,,,,,,,,,,,,,
9:56:00,,,,1.134224231,,,,,,,,,,,,,,,,,,,,,,,,,,,,,,
9:57:00,,,,1.120143538,,,,,,,,,,,,,,,,,,,,,,,,,,,,,,
9:58:00,,,,1.08714602,,,,,,,,,,,,,,,,,,,,,,,,,,,,,,
9:59:00,,,,0.355809219,,,,,,,,,,,,,,,,,,,,,,,,,,,,,,
10:00:00,,,,0.320163881,,,,,,,,,,,,,,,,,,,,,,,,,,,,,,
10:01:00,,,,0.28176261,,,,,,,,,,,,,,,,,,,,,,,,,,,,,,
10:02:00,,,,0.25221586,,,,,,,,,,,,,,,,,,,,,,,,,,,,,,
10:03:00,,,,0.425325841,,,,,,,,,,,,,,,,,,,,,,,,,,,,,,
10:04:00,,,,0.999174754,,,,,,,,,,,,,,,,,,,,,,,,,,,,,,
10:05:00,,,,1.186057549,,,,,,,,,,,,,,,,,,,,,,,,,,,,,,
10:06:00,,,,0.832845578,,,,,,,,,,,,,,,,,,,,,,,,,,,,,,
10:07:00,,,,1.115569513,,,,,,,,,,,,,,,,,,,,,,,,,,,,,,
10:08:00,,,,1.126411229,,,,,,,,,,,,,,,,,,,,,,,,,,,,,,
10:09:00,,,,1.08716822,,,,,,,,,,,,,,,,,,,,,,,,,,,,,,
10:10:00,,,,1.075217452,,,,,,,,,,,,,,,,,,,,,,,,,,,,,,
10:11:00,,,,1.088985506,,,,,,,,,,,,,,,,,,,,,,,,,,,,,,
10:12:00,,,,1.125490829,,,,,,,,,,,,,,,,,,,,,,,,,,,,,,
10:13:00,,,,1.181774328,,,,,,,,,,,,,,,,,,,,,,,,,,,,,,
10:14:00,,,,0.507633008,,,,,,,,,,,,,,,,,,,,,,,,,,,,,,
10:15:00,,,,0.331243534,,,,,,,,,,,,,,,,,,,,,,,,,,,,,,
10:16:00,,,,0.746172841,,,,,,,,,,,,,,,,,,,,,,,,,,,,,,
10:17:00,,,,0.328734034,,,,,,,,,,,,,,,,,,,,,,,,,,,,,,
10:18:00,,,,0.453562335,,,,,,,,,,,,,,,,,,,,,,,,,,,,,,
10:19:00,,,,1.130677571,,,,,,,,,,,,,,,,,,,,,,,,,,,,,,
10:20:00,,,,0.359445739,,,,,,,,,,,,,,,,,,,,,,,,,,,,,,
10:21:00,,,,0.663092783,,,,,,,,,,,,,,,,,,,,,,,,,,,,,,
10:22:00,,,,1.20516176,,,,,,,,,,,,,,,,,,,,,,,,,,,,,,
10:23:00,,,,0.364771322,,,,,,,,,,,,,,,,,,,,,,,,,,,,,,
10:24:00,,,,1.1931451,,,,,,,,,,,,,,,,,,,,,,,,,,,,,,
10:25:00,,,,1.23875426,,,,,,,,,,,,,,,,,,,,,,,,,,,,,,
10:26:00,,,,1.263380879,,,,,,,,,,,,,,,,,,,,,,,,,,,,,,
10:27:00,,,,0.58909882,,,,,,,,,,,,,,,,,,,,,,,,,,,,,,
10:28:00,,,,1.183462211,,,,,,,,,,,,,,,,,,,,,,,,,,,,,,
10:29:00,,,,0.92965046,,,,,,,,,,,,,,,,,,,,,,,,,,,,,,
10:30:00,,,,0.650273212,,,,,,,,,,,,,,,,,,,,,,,,,,,,,,
10:31:00,,,,1.182718944,,,,,,,,,,,,,,,,,,,,,,,,,,,,,,
10:32:00,,,,1.167337481,,,,,,,,,,,,,,,,,,,,,,,,,,,,,,
10:33:00,,,,1.167177742,,,,,,,,,,,,,,,,,,,,,,,,,,,,,,
10:34:00,,,,1.16566348,,,,,,,,,,,,,,,,,,,,,,,,,,,,,,
10:35:00,,,,1.164174757,,,,,,,,,,,,,,,,,,,,,,,,,,,,,,
10:36:00,,,,1.212130364,,,,,,,,,,,,,,,,,,,,,,,,,,,,,,
10:37:00,,,,0.880209534,,,,,,,,,,,,,,,,,,,,,,,,,,,,,,
10:38:00,,,,0.754525423,,,,,,,,,,,,,,,,,,,,,,,,,,,,,,
10:39:00,,,,1.170782307,,,,,,,,,,,,,,,,,,,,,,,,,,,,,,
10:40:00,,,,1.172136627,,,,,,,,,,,,,,,,,,,,,,,,,,,,,,
10:41:00,,,,1.173509586,,,,,,,,,,,,,,,,,,,,,,,,,,,,,,
10:42:00,,,,1.200799156,,,,,,,,,,,,,,,,,,,,,,,,,,,,,,
10:43:00,,,,1.234855776,,,,,,,,,,,,,,,,,,,,,,,,,,,,,,
10:44:00,,,,1.218541173,,,,,,,,,,,,,,,,,,,,,,,,,,,,,,
10:45:00,,,,1.19820906,,,,,,,,,,,,,,,,,,,,,,,,,,,,,,
10:46:00,,,,1.187442769,,,,,,,,,,,,,,,,,,,,,,,,,,,,,,
10:47:00,,,,1.179432209,,,,,,,,,,,,,,,,,,,,,,,,,,,,,,
10:48:00,,,,1.176876696,,,,,,,,,,,,,,,,,,,,,,,,,,,,,,
10:49:00,,,,1.155406996,,,,,,,,,,,,,,,,,,,,,,,,,,,,,,
10:50:00,,,,1.170495736,,,,,,,,,,,,,,,,,,,,,,,,,,,,,,
10:51:00,,,,1.199079891,,,,,,,,,,,,,,,,,,,,,,,,,,,,,,
10:52:00,,,,1.235726631,,,,,,,,,,,,,,,,,,,,,,,,,,,,,,
10:53:00,,,,1.233241254,,,,,,,,,,,,,,,,,,,,,,,,,,,,,,
10:54:00,,,,1.221357693,,,,,,,,,,,,,,,,,,,,,,,,,,,,,,
10:55:00,,,,1.220281258,,,,,,,,,,,,,,,,,,,,,,,,,,,,,,
10:56:00,,,,1.212508404,,,,,,,,,,,,,,,,,,,,,,,,,,,,,,
10:57:00,,,,1.196712537,,,,,,,,,,,,,,,,,,,,,,,,,,,,,,
10:58:00,,,,0.599876671,,,,,,,,,,,,,,,,,,,,,,,,,,,,,,
10:59:00,,,,1.198789113,,,,,,,,,,,,,,,,,,,,,,,,,,,,,,
11:00:00,,,,1.199187832,,,,,,,,,,,,,,,,,,,,,,,,,,,,,,
11:01:00,,,,0.943888992,,,,,,,,,,,,,,,,,,,,,,,,,,,,,,
11:02:00,,,,0.262218757,,,,,,,,,,,,,,,,,,,,,,,,,,,,,,
11:03:00,,,,0.247322556,,,,,,,,,,,,,,,,,,,,,,,,,,,,,,
11:04:00,,,,0.243139742,,,,,,,,,,,,,,,,,,,,,,,,,,,,,,
11:05:00,,,,0.300377836,,,,,,,,,,,,,,,,,,,,,,,,,,,,,,
11:06:00,,,,1.198038787,,,,,,,,,,,,,,,,,,,,,,,,,,,,,,
11:07:00,,,,1.2012597,,,,,,,,,,,,,,,,,,,,,,,,,,,,,,
11:08:00,,,,1.061930619,,,,,,,,,,,,,,,,,,,,,,,,,,,,,,
11:09:00,,,,0.340888293,,,,,,,,,,,,,,,,,,,,,,,,,,,,,,
11:10:00,,,,0.39657996,,,,,,,,,,,,,,,,,,,,,,,,,,,,,,
11:11:00,,,,1.234278416,,,,,,,,,,,,,,,,,,,,,,,,,,,,,,
11:12:00,,,,1.137884151,,,,,,,,,,,,,,,,,,,,,,,,,,,,,,
11:13:00,,,,1.097416586,,,,,,,,,,,,,,,,,,,,,,,,,,,,,,
11:14:00,,,,1.092865505,,,,,,,,,,,,,,,,,,,,,,,,,,,,,,
11:15:00,,,,1.118865553,,,,,,,,,,,,,,,,,,,,,,,,,,,,,,
11:16:00,,,,1.111696741,,,,,,,,,,,,,,,,,,,,,,,,,,,,,,
11:17:00,,,,1.113838016,,,,,,,,,,,,,,,,,,,,,,,,,,,,,,
11:18:00,,,,1.131901577,,,,,,,,,,,,,,,,,,,,,,,,,,,,,,
11:19:00,,,,1.156595829,,,,,,,,,,,,,,,,,,,,,,,,,,,,,,
11:20:00,,,,1.154805612,,,,,,,,,,,,,,,,,,,,,,,,,,,,,,
11:21:00,,,,1.151714244,,,,,,,,,,,,,,,,,,,,,,,,,,,,,,
11:22:00,,,,1.123502587,,,,,,,,,,,,,,,,,,,,,,,,,,,,,,
11:23:00,,,,1.099301754,,,,,,,,,,,,,,,,,,,,,,,,,,,,,,
11:24:00,,,,1.088361837,,,,,,,,,,,,,,,,,,,,,,,,,,,,,,
11:25:00,,,,1.090669185,,,,,,,,,,,,,,,,,,,,,,,,,,,,,,
11:26:00,,,,1.090352555,,,,,,,,,,,,,,,,,,,,,,,,,,,,,,
11:27:00,,,,1.094020468,,,,,,,,,,,,,,,,,,,,,,,,,,,,,,
11:28:00,,,,1.097706946,,,,,,,,,,,,,,,,,,,,,,,,,,,,,,
11:29:00,,,,1.097450172,,,,,,,,,,,,,,,,,,,,,,,,,,,,,,
11:30:00,,,,1.101175233,,,,,,,,,,,,,,,,,,,,,,,,,,,,,,
11:31:00,,,,1.103598927,,,,,,,,,,,,,,,,,,,,,,,,,,,,,,
11:32:00,,,,1.098123019,,,,,,,,,,,,,,,,,,,,,,,,,,,,,,
11:33:00,,,,1.092670515,,,,,,,,,,,,,,,,,,,,,,,,,,,,,,
11:34:00,,,,1.08855895,,,,,,,,,,,,,,,,,,,,,,,,,,,,,,
11:35:00,,,,1.087107203,,,,,,,,,,,,,,,,,,,,,,,,,,,,,,
11:36:00,,,,1.097548991,,,,,,,,,,,,,,,,,,,,,,,,,,,,,,
11:37:00,,,,1.092181257,,,,,,,,,,,,,,,,,,,,,,,,,,,,,,
11:38:00,,,,1.086833795,,,,,,,,,,,,,,,,,,,,,,,,,,,,,,
11:39:00,,,,1.086783412,,,,,,,,,,,,,,,,,,,,,,,,,,,,,,
11:40:00,,,,1.084115904,,,,,,,,,,,,,,,,,,,,,,,,,,,,,,
11:41:00,,,,1.086743744,,,,,,,,,,,,,,,,,,,,,,,,,,,,,,
11:42:00,,,,1.090711192,,,,,,,,,,,,,,,,,,,,,,,,,,,,,,
11:43:00,,,,1.096018511,,,,,,,,,,,,,,,,,,,,,,,,,,,,,,
11:44:00,,,,1.092113356,,,,,,,,,,,,,,,,,,,,,,,,,,,,,,
11:45:00,,,,1.09350495,,,,,,,,,,,,,,,,,,,,,,,,,,,,,,
11:46:00,,,,1.096235797,,,,,,,,,,,,,,,,,,,,,,,,,,,,,,
11:47:00,,,,1.093710969,,,,,,,,,,,,,,,,,,,,,,,,,,,,,,
11:48:00,,,,1.095163603,,,,,,,,,,,,,,,,,,,,,,,,,,,,,,
11:49:00,,,,1.097957168,,,,,,,,,,,,,,,,,,,,,,,,,,,,,,
11:50:00,,,,1.103412623,,,,,,,,,,,,,,,,,,,,,,,,,,,,,,
11:51:00,,,,1.102289229,,,,,,,,,,,,,,,,,,,,,,,,,,,,,,
11:52:00,,,,1.099866327,,,,,,,,,,,,,,,,,,,,,,,,,,,,,,
11:53:00,,,,1.100104078,,,,,,,,,,,,,,,,,,,,,,,,,,,,,,
11:54:00,,,,1.10036255,,,,,,,,,,,,,,,,,,,,,,,,,,,,,,
11:55:00,,,,1.101963431,,,,,,,,,,,,,,,,,,,,,,,,,,,,,,
11:56:00,,,,1.103584809,,,,,,,,,,,,,,,,,,,,,,,,,,,,,,
11:57:00,,,,1.102584947,,,,,,,,,,,,,,,,,,,,,,,,,,,,,,
11:58:00,,,,1.101604147,,,,,,,,,,,,,,,,,,,,,,,,,,,,,,
11:59:00,,,,1.100643359,,,,,,,,,,,,,,,,,,,,,,,,,,,,,,
12:00:00,,,,1.102349973,,,,,,,,,,,,,,,,,,,,,,,,,,,,,,
12:01:00,,,,1.102754256,,,,,,,,,,,,,,,,,,,,,,,,,,,,,,
12:02:00,,,,1.10185479,,,,,,,,,,,,,,,,,,,,,,,,,,,,,,
12:03:00,,,,1.102300502,,,,,,,,,,,,,,,,,,,,,,,,,,,,,,
12:04:00,,,,1.100116608,,,,,,,,,,,,,,,,,,,,,,,,,,,,,,
12:05:00,,,,1.097951428,,,,,,,,,,,,,,,,,,,,,,,,,,,,,,
12:06:00,,,,1.098457873,,,,,,,,,,,,,,,,,,,,,,,,,,,,,,
12:07:00,,,,1.102967302,,,,,,,,,,,,,,,,,,,,,,,,,,,,,,
12:08:00,,,,1.09820565,,,,,,,,,,,,,,,,,,,,,,,,,,,,,,
12:09:00,,,,1.101432691,,,,,,,,,,,,,,,,,,,,,,,,,,,,,,
12:10:00,,,,1.102024344,,,,,,,,,,,,,,,,,,,,,,,,,,,,,,
12:11:00,,,,1.101306827,,,,,,,,,,,,,,,,,,,,,,,,,,,,,,
12:12:00,,,,1.103271545,,,,,,,,,,,,,,,,,,,,,,,,,,,,,,
12:13:00,,,,1.101263198,,,,,,,,,,,,,,,,,,,,,,,,,,,,,,
12:14:00,,,,1.100606863,,,,,,,,,,,,,,,,,,,,,,,,,,,,,,
12:15:00,,,,1.102635636,,,,,,,,,,,,,,,,,,,,,,,,,,,,,,
12:16:00,,,,1.106023187,,,,,,,,,,,,,,,,,,,,,,,,,,,,,,
12:17:00,,,,1.104094199,,,,,,,,,,,,,,,,,,,,,,,,,,,,,,
12:18:00,,,,1.104855945,,,,,,,,,,,,,,,,,,,,,,,,,,,,,,
12:19:00,,,,1.104303135,,,,,,,,,,,,,,,,,,,,,,,,,,,,,,
12:20:00,,,,1.103769182,,,,,,,,,,,,,,,,,,,,,,,,,,,,,,
12:21:00,,,,1.103255088,,,,,,,,,,,,,,,,,,,,,,,,,,,,,,
12:22:00,,,,1.105441448,,,,,,,,,,,,,,,,,,,,,,,,,,,,,,
12:23:00,,,,1.104969171,,,,,,,,,,,,,,,,,,,,,,,,,,,,,,
12:24:00,,,,1.104517811,,,,,,,,,,,,,,,,,,,,,,,,,,,,,,
12:25:00,,,,1.106771429,,,,,,,,,,,,,,,,,,,,,,,,,,,,,,
12:26:00,,,,1.107705835,,,,,,,,,,,,,,,,,,,,,,,,,,,,,,
12:27:00,,,,1.105971878,,,,,,,,,,,,,,,,,,,,,,,,,,,,,,
12:28:00,,,,1.105602585,,,,,,,,,,,,,,,,,,,,,,,,,,,,,,
12:29:00,,,,1.10794775,,,,,,,,,,,,,,,,,,,,,,,,,,,,,,
12:30:00,,,,1.107620953,,,,,,,,,,,,,,,,,,,,,,,,,,,,,,
12:31:00,,,,1.108663978,,,,,,,,,,,,,,,,,,,,,,,,,,,,,,
12:32:00,,,,1.107025588,,,,,,,,,,,,,,,,,,,,,,,,,,,,,,
12:33:00,,,,1.112170573,,,,,,,,,,,,,,,,,,,,,,,,,,,,,,
12:34:00,,,,1.11192962,,,,,,,,,,,,,,,,,,,,,,,,,,,,,,
12:35:00,,,,1.110351803,,,,,,,,,,,,,,,,,,,,,,,,,,,,,,
12:36:00,,,,1.08039999,,,,,,,,,,,,,,,,,,,,,,,,,,,,,,
12:37:00,,,,1.111326444,,,,,,,,,,,,,,,,,,,,,,,,,,,,,,
12:38:00,,,,1.109805272,,,,,,,,,,,,,,,,,,,,,,,,,,,,,,
12:39:00,,,,1.108302511,,,,,,,,,,,,,,,,,,,,,,,,,,,,,,
12:40:00,,,,1.110906418,,,,,,,,,,,,,,,,,,,,,,,,,,,,,,
12:41:00,,,,1.070917946,,,,,,,,,,,,,,,,,,,,,,,,,,,,,,
12:42:00,,,,1.109362328,,,,,,,,,,,,,,,,,,,,,,,,,,,,,,
12:43:00,,,,1.112037585,,,,,,,,,,,,,,,,,,,,,,,,,,,,,,
12:44:00,,,,1.11063247,,,,,,,,,,,,,,,,,,,,,,,,,,,,,,
12:45:00,,,,1.113358149,,,,,,,,,,,,,,,,,,,,,,,,,,,,,,
12:46:00,,,,1.110619465,,,,,,,,,,,,,,,,,,,,,,,,,,,,,,
12:47:00,,,,1.110643464,,,,,,,,,,,,,,,,,,,,,,,,,,,,,,
12:48:00,,,,1.109312538,,,,,,,,,,,,,,,,,,,,,,,,,,,,,,
12:49:00,,,,1.109376281,,,,,,,,,,,,,,,,,,,,,,,,,,,,,,
12:50:00,,,,1.109461875,,,,,,,,,,,,,,,,,,,,,,,,,,,,,,
12:51:00,,,,1.112330583,,,,,,,,,,,,,,,,,,,,,,,,,,,,,,
12:52:00,,,,1.11522878,,,,,,,,,,,,,,,,,,,,,,,,,,,,,,
12:53:00,,,,1.113998851,,,,,,,,,,,,,,,,,,,,,,,,,,,,,,
12:54:00,,,,1.115560959,,,,,,,,,,,,,,,,,,,,,,,,,,,,,,
12:55:00,,,,1.11714822,,,,,,,,,,,,,,,,,,,,,,,,,,,,,,
12:56:00,,,,1.117368914,,,,,,,,,,,,,,,,,,,,,,,,,,,,,,
12:57:00,,,,1.116218138,,,,,,,,,,,,,,,,,,,,,,,,,,,,,,
12:58:00,,,,1.115084697,,,,,,,,,,,,,,,,,,,,,,,,,,,,,,
12:59:00,,,,1.115365605,,,,,,,,,,,,,,,,,,,,,,,,,,,,,,
13:00:00,,,,1.114268897,,,,,,,,,,,,,,,,,,,,,,,,,,,,,,
13:01:00,,,,1.114590827,,,,,,,,,,,,,,,,,,,,,,,,,,,,,,
13:02:00,,,,1.116339026,,,,,,,,,,,,,,,,,,,,,,,,,,,,,,
13:03:00,,,,1.116706629,,,,,,,,,,,,,,,,,,,,,,,,,,,,,,
13:04:00,,,,1.115688084,,,,,,,,,,,,,,,,,,,,,,,,,,,,,,
13:05:00,,,,1.116098295,,,,,,,,,,,,,,,,,,,,,,,,,,,,,,
13:06:00,,,,1.110875654,,,,,,,,,,,,,,,,,,,,,,,,,,,,,,
13:07:00,,,,1.11415165,,,,,,,,,,,,,,,,,,,,,,,,,,,,,,
13:08:00,,,,1.114622347,,,,,,,,,,,,,,,,,,,,,,,,,,,,,,
13:09:00,,,,1.113695423,,,,,,,,,,,,,,,,,,,,,,,,,,,,,,
13:10:00,,,,1.112785898,,,,,,,,,,,,,,,,,,,,,,,,,,,,,,
13:11:00,,,,1.111893767,,,,,,,,,,,,,,,,,,,,,,,,,,,,,,
13:12:00,,,,1.112446395,,,,,,,,,,,,,,,,,,,,,,,,,,,,,,
13:13:00,,,,1.108730667,,,,,,,,,,,,,,,,,,,,,,,,,,,,,,
13:14:00,,,,1.110754281,,,,,,,,,,,,,,,,,,,,,,,,,,,,,,
13:15:00,,,,1.111369568,,,,,,,,,,,,,,,,,,,,,,,,,,,,,,
13:16:00,,,,1.112007656,,,,,,,,,,,,,,,,,,,,,,,,,,,,,,
13:17:00,,,,1.111228065,,,,,,,,,,,,,,,,,,,,,,,,,,,,,,
13:18:00,,,,1.111909353,,,,,,,,,,,,,,,,,,,,,,,,,,,,,,
13:19:00,,,,1.109720383,,,,,,,,,,,,,,,,,,,,,,,,,,,,,,
13:20:00,,,,1.110443465,,,,,,,,,,,,,,,,,,,,,,,,,,,,,,
13:21:00,,,,1.106831039,,,,,,,,,,,,,,,,,,,,,,,,,,,,,,
13:22:00,,,,1.109046881,,,,,,,,,,,,,,,,,,,,,,,,,,,,,,
13:23:00,,,,1.109834365,,,,,,,,,,,,,,,,,,,,,,,,,,,,,,
13:24:00,,,,1.110644374,,,,,,,,,,,,,,,,,,,,,,,,,,,,,,
13:25:00,,,,1.107085927,,,,,,,,,,,,,,,,,,,,,,,,,,,,,,
13:26:00,,,,1.109402269,,,,,,,,,,,,,,,,,,,,,,,,,,,,,,
13:27:00,,,,1.110277768,,,,,,,,,,,,,,,,,,,,,,,,,,,,,,
13:28:00,,,,1.109704365,,,,,,,,,,,,,,,,,,,,,,,,,,,,,,
13:29:00,,,,1.107671218,,,,,,,,,,,,,,,,,,,,,,,,,,,,,,
13:30:00,,,,1.110090353,,,,,,,,,,,,,,,,,,,,,,,,,,,,,,
13:31:00,,,,1.108090299,,,,,,,,,,,,,,,,,,,,,,,,,,,,,,
13:32:00,,,,1.107588432,,,,,,,,,,,,,,,,,,,,,,,,,,,,,,
13:33:00,,,,1.108594487,,,,,,,,,,,,,,,,,,,,,,,,,,,,,,
13:34:00,,,,1.106638696,,,,,,,,,,,,,,,,,,,,,,,,,,,,,,
13:35:00,,,,1.107687745,,,,,,,,,,,,,,,,,,,,,,,,,,,,,,
13:36:00,,,,1.110262327,,,,,,,,,,,,,,,,,,,,,,,,,,,,,,
13:37:00,,,,1.108357595,,,,,,,,,,,,,,,,,,,,,,,,,,,,,,
13:38:00,,,,1.104956686,,,,,,,,,,,,,,,,,,,,,,,,,,,,,,
13:39:00,,,,1.107603894,,,,,,,,,,,,,,,,,,,,,,,,,,,,,,
13:40:00,,,,1.105739915,,,,,,,,,,,,,,,,,,,,,,,,,,,,,,
13:41:00,,,,1.108442254,,,,,,,,,,,,,,,,,,,,,,,,,,,,,,
13:42:00,,,,1.108133701,,,,,,,,,,,,,,,,,,,,,,,,,,,,,,
13:43:00,,,,1.109369812,,,,,,,,,,,,,,,,,,,,,,,,,,,,,,
13:44:00,,,,1.112162055,,,,,,,,,,,,,,,,,,,,,,,,,,,,,,
13:45:00,,,,1.107320178,,,,,,,,,,,,,,,,,,,,,,,,,,,,,,
13:46:00,,,,1.107086627,,,,,,,,,,,,,,,,,,,,,,,,,,,,,,
13:47:00,,,,1.11149666,,,,,,,,,,,,,,,,,,,,,,,,,,,,,,
13:48:00,,,,1.109767322,,,,,,,,,,,,,,,,,,,,,,,,,,,,,,
13:49:00,,,,1.106499305,,,,,,,,,,,,,,,,,,,,,,,,,,,,,,
13:50:00,,,,1.104787767,,,,,,,,,,,,,,,,,,,,,,,,,,,,,,
13:51:00,,,,1.107761136,,,,,,,,,,,,,,,,,,,,,,,,,,,,,,
13:52:00,,,,1.107646056,,,,,,,,,,,,,,,,,,,,,,,,,,,,,,
13:53:00,,,,1.104417328,,,,,,,,,,,,,,,,,,,,,,,,,,,,,,
13:54:00,,,,1.107474225,,,,,,,,,,,,,,,,,,,,,,,,,,,,,,
13:55:00,,,,1.104267051,,,,,,,,,,,,,,,,,,,,,,,,,,,,,,
13:56:00,,,,1.105800776,,,,,,,,,,,,,,,,,,,,,,,,,,,,,,
13:57:00,,,,1.107363225,,,,,,,,,,,,,,,,,,,,,,,,,,,,,,
13:58:00,,,,1.10577697,,,,,,,,,,,,,,,,,,,,,,,,,,,,,,
13:59:00,,,,1.105794743,,,,,,,,,,,,,,,,,,,,,,,,,,,,,,
14:00:00,,,,1.110626668,,,,,,,,,,,,,,,,,,,,,,,,,,,,,,
14:01:00,,,,1.109095894,,,,,,,,,,,,,,,,,,,,,,,,,,,,,,
14:02:00,,,,1.107575901,,,,,,,,,,,,,,,,,,,,,,,,,,,,,,
14:03:00,,,,1.106066627,,,,,,,,,,,,,,,,,,,,,,,,,,,,,,
14:04:00,,,,1.109419701,,,,,,,,,,,,,,,,,,,,,,,,,,,,,,
14:05:00,,,,1.109568647,,,,,,,,,,,,,,,,,,,,,,,,,,,,,,
14:06:00,,,,1.10973843,,,,,,,,,,,,,,,,,,,,,,,,,,,,,,
14:07:00,,,,1.111561258,,,,,,,,,,,,,,,,,,,,,,,,,,,,,,
14:08:00,,,,1.115052633,,,,,,,,,,,,,,,,,,,,,,,,,,,,,,
14:09:00,,,,1.110373035,,,,,,,,,,,,,,,,,,,,,,,,,,,,,,
14:10:00,,,,1.112274553,,,,,,,,,,,,,,,,,,,,,,,,,,,,,,
14:11:00,,,,1.109248772,,,,,,,,,,,,,,,,,,,,,,,,,,,,,,
14:12:00,,,,1.112857009,,,,,,,,,,,,,,,,,,,,,,,,,,,,,,
14:13:00,,,,1.111516715,,,,,,,,,,,,,,,,,,,,,,,,,,,,,,
14:14:00,,,,1.111856766,,,,,,,,,,,,,,,,,,,,,,,,,,,,,,
14:15:00,,,,1.112218591,,,,,,,,,,,,,,,,,,,,,,,,,,,,,,
14:16:00,,,,1.115963846,,,,,,,,,,,,,,,,,,,,,,,,,,,,,,
14:17:00,,,,1.119754133,,,,,,,,,,,,,,,,,,,,,,,,,,,,,,
14:18:00,,,,1.118513551,,,,,,,,,,,,,,,,,,,,,,,,,,,,,,
14:19:00,,,,1.118982028,,,,,,,,,,,,,,,,,,,,,,,,,,,,,,
14:20:00,,,,1.116065639,,,,,,,,,,,,,,,,,,,,,,,,,,,,,,
14:21:00,,,,1.119987941,,,,,,,,,,,,,,,,,,,,,,,,,,,,,,
14:22:00,,,,1.122241645,,,,,,,,,,,,,,,,,,,,,,,,,,,,,,
14:23:00,,,,1.126253082,,,,,,,,,,,,,,,,,,,,,,,,,,,,,,
14:24:00,,,,1.125128085,,,,,,,,,,,,,,,,,,,,,,,,,,,,,,
14:25:00,,,,1.12748362,,,,,,,,,,,,,,,,,,,,,,,,,,,,,,
14:26:00,,,,1.129876119,,,,,,,,,,,,,,,,,,,,,,,,,,,,,,
14:27:00,,,,1.130558405,,,,,,,,,,,,,,,,,,,,,,,,,,,,,,
14:28:00,,,,1.127757643,,,,,,,,,,,,,,,,,,,,,,,,,,,,,,
14:29:00,,,,1.131997324,,,,,,,,,,,,,,,,,,,,,,,,,,,,,,
14:30:00,,,,1.130987252,,,,,,,,,,,,,,,,,,,,,,,,,,,,,,
14:31:00,,,,1.135310617,,,,,,,,,,,,,,,,,,,,,,,,,,,,,,
14:32:00,,,,1.134344491,,,,,,,,,,,,,,,,,,,,,,,,,,,,,,
14:33:00,,,,1.135177999,,,,,,,,,,,,,,,,,,,,,,,,,,,,,,
14:34:00,,,,1.137832138,,,,,,,,,,,,,,,,,,,,,,,,,,,,,,
14:35:00,,,,1.136923209,,,,,,,,,,,,,,,,,,,,,,,,,,,,,,
14:36:00,,,,1.13602661,,,,,,,,,,,,,,,,,,,,,,,,,,,,,,
14:37:00,,,,1.138774421,,,,,,,,,,,,,,,,,,,,,,,,,,,,,,
14:38:00,,,,1.141563961,,,,,,,,,,,,,,,,,,,,,,,,,,,,,,
14:39:00,,,,1.144395623,,,,,,,,,,,,,,,,,,,,,,,,,,,,,,
14:40:00,,,,1.145431281,,,,,,,,,,,,,,,,,,,,,,,,,,,,,,
14:41:00,,,,1.144648723,,,,,,,,,,,,,,,,,,,,,,,,,,,,,,
14:42:00,,,,1.143878935,,,,,,,,,,,,,,,,,,,,,,,,,,,,,,
14:43:00,,,,1.143121912,,,,,,,,,,,,,,,,,,,,,,,,,,,,,,
14:44:00,,,,1.138638372,,,,,,,,,,,,,,,,,,,,,,,,,,,,,,
14:45:00,,,,1.139768494,,,,,,,,,,,,,,,,,,,,,,,,,,,,,,
14:46:00,,,,1.14092742,,,,,,,,,,,,,,,,,,,,,,,,,,,,,,
14:47:00,,,,1.142115597,,,,,,,,,,,,,,,,,,,,,,,,,,,,,,
14:48:00,,,,1.14143071,,,,,,,,,,,,,,,,,,,,,,,,,,,,,,
14:49:00,,,,1.144580236,,,,,,,,,,,,,,,,,,,,,,,,,,,,,,
14:50:00,,,,1.143938311,,,,,,,,,,,,,,,,,,,,,,,,,,,,,,
14:51:00,,,,1.143309333,,,,,,,,,,,,,,,,,,,,,,,,,,,,,,
14:52:00,,,,1.144630176,,,,,,,,,,,,,,,,,,,,,,,,,,,,,,
14:53:00,,,,1.145981869,,,,,,,,,,,,,,,,,,,,,,,,,,,,,,
14:54:00,,,,1.14736491,,,,,,,,,,,,,,,,,,,,,,,,,,,,,,
14:55:00,,,,1.146815683,,,,,,,,,,,,,,,,,,,,,,,,,,,,,,
14:56:00,,,,1.14036111,,,,,,,,,,,,,,,,,,,,,,,,,,,,,,
14:57:00,,,,1.145757718,,,,,,,,,,,,,,,,,,,,,,,,,,,,,,
14:58:00,,,,1.145249015,,,,,,,,,,,,,,,,,,,,,,,,,,,,,,
14:59:00,,,,1.146755127,,,,,,,,,,,,,,,,,,,,,,,,,,,,,,
15:00:00,,,,1.144272263,,,,,,,,,,,,,,,,,,,,,,,,,,,,,,
15:01:00,,,,1.141783449,,,,,,,,,,,,,,,,,,,,,,,,,,,,,,
15:02:00,,,,1.139288167,,,,,,,,,,,,,,,,,,,,,,,,,,,,,,
15:03:00,,,,1.138827214,,,,,,,,,,,,,,,,,,,,,,,,,,,,,,
15:04:00,,,,1.140430888,,,,,,,,,,,,,,,,,,,,,,,,,,,,,,
15:05:00,,,,1.140007092,,,,,,,,,,,,,,,,,,,,,,,,,,,,,,
15:06:00,,,,1.141668808,,,,,,,,,,,,,,,,,,,,,,,,,,,,,,
15:07:00,,,,1.143365548,,,,,,,,,,,,,,,,,,,,,,,,,,,,,,
15:08:00,,,,1.140910565,,,,,,,,,,,,,,,,,,,,,,,,,,,,,,
15:09:00,,,,1.140552108,,,,,,,,,,,,,,,,,,,,,,,,,,,,,,
15:10:00,,,,1.144438349,,,,,,,,,,,,,,,,,,,,,,,,,,,,,,
15:11:00,,,,1.146256742,,,,,,,,,,,,,,,,,,,,,,,,,,,,,,
15:12:00,,,,1.148111905,,,,,,,,,,,,,,,,,,,,,,,,,,,,,,
15:13:00,,,,1.145705358,,,,,,,,,,,,,,,,,,,,,,,,,,,,,,
15:14:00,,,,1.147612683,,,,,,,,,,,,,,,,,,,,,,,,,,,,,,
15:15:00,,,,1.14738497,,,,,,,,,,,,,,,,,,,,,,,,,,,,,,
15:16:00,,,,1.149356953,,,,,,,,,,,,,,,,,,,,,,,,,,,,,,
15:17:00,,,,1.149170946,,,,,,,,,,,,,,,,,,,,,,,,,,,,,,
15:18:00,,,,1.148999697,,,,,,,,,,,,,,,,,,,,,,,,,,,,,,
15:19:00,,,,1.153287583,,,,,,,,,,,,,,,,,,,,,,,,,,,,,,
15:20:00,,,,1.150936946,,,,,,,,,,,,,,,,,,,,,,,,,,,,,,
15:21:00,,,,1.155318945,,,,,,,,,,,,,,,,,,,,,,,,,,,,,,
15:22:00,,,,1.157507947,,,,,,,,,,,,,,,,,,,,,,,,,,,,,,
15:23:00,,,,1.157465061,,,,,,,,,,,,,,,,,,,,,,,,,,,,,,
15:24:00,,,,1.159725722,,,,,,,,,,,,,,,,,,,,,,,,,,,,,,
15:25:00,,,,1.162029527,,,,,,,,,,,,,,,,,,,,,,,,,,,,,,
15:26:00,,,,1.164377309,,,,,,,,,,,,,,,,,,,,,,,,,,,,,,
15:27:00,,,,1.164440918,,,,,,,,,,,,,,,,,,,,,,,,,,,,,,
15:28:00,,,,1.166864482,,,,,,,,,,,,,,,,,,,,,,,,,,,,,,
15:29:00,,,,1.169334075,,,,,,,,,,,,,,,,,,,,,,,,,,,,,,
15:30:00,,,,1.164733738,,,,,,,,,,,,,,,,,,,,,,,,,,,,,,
15:31:00,,,,1.174413558,,,,,,,,,,,,,,,,,,,,,,,,,,,,,,
15:32:00,,,,1.177024951,,,,,,,,,,,,,,,,,,,,,,,,,,,,,,
15:33:00,,,,1.179685205,,,,,,,,,,,,,,,,,,,,,,,,,,,,,,
15:34:00,,,,1.179962265,,,,,,,,,,,,,,,,,,,,,,,,,,,,,,
15:35:00,,,,1.182707088,,,,,,,,,,,,,,,,,,,,,,,,,,,,,,
15:36:00,,,,1.18303821,,,,,,,,,,,,,,,,,,,,,,,,,,,,,,
15:37:00,,,,1.185869644,,,,,,,,,,,,,,,,,,,,,,,,,,,,,,
15:38:00,,,,1.188753842,,,,,,,,,,,,,,,,,,,,,,,,,,,,,,
15:39:00,,,,1.189177083,,,,,,,,,,,,,,,,,,,,,,,,,,,,,,
15:40:00,,,,1.192152163,,,,,,,,,,,,,,,,,,,,,,,,,,,,,,
15:41:00,,,,1.195182133,,,,,,,,,,,,,,,,,,,,,,,,,,,,,,
15:42:00,,,,1.195702322,,,,,,,,,,,,,,,,,,,,,,,,,,,,,,
15:43:00,,,,1.196244148,,,,,,,,,,,,,,,,,,,,,,,,,,,,,,
15:44:00,,,,1.202010789,,,,,,,,,,,,,,,,,,,,,,,,,,,,,,
15:45:00,,,,1.205252618,,,,,,,,,,,,,,,,,,,,,,,,,,,,,,
15:46:00,,,,1.205915615,,,,,,,,,,,,,,,,,,,,,,,,,,,,,,
15:47:00,,,,1.206601882,,,,,,,,,,,,,,,,,,,,,,,,,,,,,,
15:48:00,,,,1.207311231,,,,,,,,,,,,,,,,,,,,,,,,,,,,,,
15:49:00,,,,1.210740538,,,,,,,,,,,,,,,,,,,,,,,,,,,,,,
15:50:00,,,,1.214233523,,,,,,,,,,,,,,,,,,,,,,,,,,,,,,
15:51:00,,,,1.220527518,,,,,,,,,,,,,,,,,,,,,,,,,,,,,,
15:52:00,,,,1.221414323,,,,,,,,,,,,,,,,,,,,,,,,,,,,,,
15:53:00,,,,1.225104831,,,,,,,,,,,,,,,,,,,,,,,,,,,,,,
15:54:00,,,,1.223265461,,,,,,,,,,,,,,,,,,,,,,,,,,,,,,
15:55:00,,,,1.224230333,,,,,,,,,,,,,,,,,,,,,,,,,,,,,,
15:56:00,,,,1.228064662,,,,,,,,,,,,,,,,,,,,,,,,,,,,,,
15:57:00,,,,1.23483522,,,,,,,,,,,,,,,,,,,,,,,,,,,,,,
15:58:00,,,,1.235948706,,,,,,,,,,,,,,,,,,,,,,,,,,,,,,
15:59:00,,,,1.234180054,,,,,,,,,,,,,,,,,,,,,,,,,,,,,,
16:00:00,,,,1.238262011,,,,,,,,,,,,,,,,,,,,,,,,,,,,,,
16:01:00,,,,1.236503976,,,,,,,,,,,,,,,,,,,,,,,,,,,,,,
16:02:00,,,,1.237709539,,,,,,,,,,,,,,,,,,,,,,,,,,,,,,
16:03:00,,,,1.238944616,,,,,,,,,,,,,,,,,,,,,,,,,,,,,,
16:04:00,,,,1.240209549,,,,,,,,,,,,,,,,,,,,,,,,,,,,,,
16:05:00,,,,1.241504915,,,,,,,,,,,,,,,,,,,,,,,,,,,,,,
16:06:00,,,,1.233578529,,,,,,,,,,,,,,,,,,,,,,,,,,,,,,
16:07:00,,,,1.241076603,,,,,,,,,,,,,,,,,,,,,,,,,,,,,,
16:08:00,,,,1.242437508,,,,,,,,,,,,,,,,,,,,,,,,,,,,,,
16:09:00,,,,1.246994708,,,,,,,,,,,,,,,,,,,,,,,,,,,,,,
16:10:00,,,,1.245253442,,,,,,,,,,,,,,,,,,,,,,,,,,,,,,
16:11:00,,,,1.249930371,,,,,,,,,,,,,,,,,,,,,,,,,,,,,,
16:12:00,,,,1.248196568,,,,,,,,,,,,,,,,,,,,,,,,,,,,,,
16:13:00,,,,1.252997354,,,,,,,,,,,,,,,,,,,,,,,,,,,,,,
16:14:00,,,,1.251270939,,,,,,,,,,,,,,,,,,,,,,,,,,,,,,
16:15:00,,,,1.252858026,,,,,,,,,,,,,,,,,,,,,,,,,,,,,,
16:16:00,,,,1.247734401,,,,,,,,,,,,,,,,,,,,,,,,,,,,,,
16:17:00,,,,1.252729955,,,,,,,,,,,,,,,,,,,,,,,,,,,,,,
16:18:00,,,,1.261260894,,,,,,,,,,,,,,,,,,,,,,,,,,,,,,
16:19:00,,,,1.263019209,,,,,,,,,,,,,,,,,,,,,,,,,,,,,,
16:20:00,,,,1.26481376,,,,,,,,,,,,,,,,,,,,,,,,,,,,,,
16:21:00,,,,1.263106974,,,,,,,,,,,,,,,,,,,,,,,,,,,,,,
16:22:00,,,,1.264940212,,,,,,,,,,,,,,,,,,,,,,,,,,,,,,
16:23:00,,,,1.266810371,,,,,,,,,,,,,,,,,,,,,,,,,,,,,,
16:24:00,,,,1.268717906,,,,,,,,,,,,,,,,,,,,,,,,,,,,,,
16:25:00,,,,1.270663279,,,,,,,,,,,,,,,,,,,,,,,,,,,,,,
16:26:00,,,,1.276368339,,,,,,,,,,,,,,,,,,,,,,,,,,,,,,
16:27:00,,,,1.274669416,,,,,,,,,,,,,,,,,,,,,,,,,,,,,,
16:28:00,,,,1.276731129,,,,,,,,,,,,,,,,,,,,,,,,,,,,,,
16:29:00,,,,1.282673115,,,,,,,,,,,,,,,,,,,,,,,,,,,,,,
16:30:00,,,,1.277092605,,,,,,,,,,,,,,,,,,,,,,,,,,,,,,
16:31:00,,,,1.287080869,,,,,,,,,,,,,,,,,,,,,,,,,,,,,,
16:32:00,,,,1.285380234,,,,,,,,,,,,,,,,,,,,,,,,,,,,,,
16:33:00,,,,1.287645831,,,,,,,,,,,,,,,,,,,,,,,,,,,,,,
16:34:00,,,,1.289953026,,,,,,,,,,,,,,,,,,,,,,,,,,,,,,
16:35:00,,,,1.29230353,,,,,,,,,,,,,,,,,,,,,,,,,,,,,,
16:36:00,,,,1.294696929,,,,,,,,,,,,,,,,,,,,,,,,,,,,,,
16:37:00,,,,1.29293597,,,,,,,,,,,,,,,,,,,,,,,,,,,,,,
16:38:00,,,,1.295368326,,,,,,,,,,,,,,,,,,,,,,,,,,,,,,
16:39:00,,,,1.297843621,,,,,,,,,,,,,,,,,,,,,,,,,,,,,,
16:40:00,,,,1.296014335,,,,,,,,,,,,,,,,,,,,,,,,,,,,,,
16:41:00,,,,1.298525741,,,,,,,,,,,,,,,,,,,,,,,,,,,,,,
16:42:00,,,,1.292169556,,,,,,,,,,,,,,,,,,,,,,,,,,,,,,
16:43:00,,,,1.294658291,,,,,,,,,,,,,,,,,,,,,,,,,,,,,,
16:44:00,,,,1.292621442,,,,,,,,,,,,,,,,,,,,,,,,,,,,,,
16:45:00,,,,1.295135948,,,,,,,,,,,,,,,,,,,,,,,,,,,,,,
16:46:00,,,,1.293007133,,,,,,,,,,,,,,,,,,,,,,,,,,,,,,
16:47:00,,,,1.30028931,,,,,,,,,,,,,,,,,,,,,,,,,,,,,,
16:48:00,,,,1.302927855,,,,,,,,,,,,,,,,,,,,,,,,,,,,,,
16:49:00,,,,1.305607972,,,,,,,,,,,,,,,,,,,,,,,,,,,,,,
16:50:00,,,,1.298455457,,,,,,,,,,,,,,,,,,,,,,,,,,,,,,
16:51:00,,,,1.306089311,,,,,,,,,,,,,,,,,,,,,,,,,,,,,,
16:52:00,,,,1.308825925,,,,,,,,,,,,,,,,,,,,,,,,,,,,,,
16:53:00,,,,1.316746009,,,,,,,,,,,,,,,,,,,,,,,,,,,,,,
16:54:00,,,,1.314419206,,,,,,,,,,,,,,,,,,,,,,,,,,,,,,
16:55:00,,,,1.327855881,,,,,,,,,,,,,,,,,,,,,,,,,,,,,,
16:56:00,,,,1.325537996,,,,,,,,,,,,,,,,,,,,,,,,,,,,,,
16:57:00,,,,1.328551574,,,,,,,,,,,,,,,,,,,,,,,,,,,,,,
16:58:00,,,,1.32608099,,,,,,,,,,,,,,,,,,,,,,,,,,,,,,
16:59:00,,,,1.329093645,,,,,,,,,,,,,,,,,,,,,,,,,,,,,,
17:00:00,,,,1.33783705,,,,,,,,,,,,,,,,,,,,,,,,,,,,,,
17:01:00,,,,1.341012309,,,,,,,,,,,,,,,,,,,,,,,,,,,,,,
17:02:00,,,,1.350096934,,,,,,,,,,,,,,,,,,,,,,,,,,,,,,
17:03:00,,,,1.347479769,,,,,,,,,,,,,,,,,,,,,,,,,,,,,,
17:04:00,,,,1.350769472,,,,,,,,,,,,,,,,,,,,,,,,,,,,,,
17:05:00,,,,1.360251408,,,,,,,,,,,,,,,,,,,,,,,,,,,,,,
17:06:00,,,,1.363713986,,,,,,,,,,,,,,,,,,,,,,,,,,,,,,
17:07:00,,,,1.367213605,,,,,,,,,,,,,,,,,,,,,,,,,,,,,,
17:08:00,,,,1.383680695,,,,,,,,,,,,,,,,,,,,,,,,,,,,,,
17:09:00,,,,1.380894443,,,,,,,,,,,,,,,,,,,,,,,,,,,,,,
17:10:00,,,,1.38460915,,,,,,,,,,,,,,,,,,,,,,,,,,,,,,
17:11:00,,,,1.401969922,,,,,,,,,,,,,,,,,,,,,,,,,,,,,,
17:12:00,,,,1.412918355,,,,,,,,,,,,,,,,,,,,,,,,,,,,,,
17:13:00,,,,1.431202059,,,,,,,,,,,,,,,,,,,,,,,,,,,,,,
17:14:00,,,,1.435680938,,,,,,,,,,,,,,,,,,,,,,,,,,,,,,
17:15:00,,,,1.440204811,,,,,,,,,,,,,,,,,,,,,,,,,,,,,,
17:16:00,,,,1.444771965,,,,,,,,,,,,,,,,,,,,,,,,,,,,,,
17:17:00,,,,1.456966901,,,,,,,,,,,,,,,,,,,,,,,,,,,,,,
17:18:00,,,,1.461756664,,,,,,,,,,,,,,,,,,,,,,,,,,,,,,
17:19:00,,,,1.458700597,,,,,,,,,,,,,,,,,,,,,,,,,,,,,,
17:20:00,,,,1.439286601,,,,,,,,,,,,,,,,,,,,,,,,,,,,,,
17:21:00,,,,1.394325677,,,,,,,,,,,,,,,,,,,,,,,,,,,,,,
17:22:00,,,,1.238573879,,,,,,,,,,,,,,,,,,,,,,,,,,,,,,
17:23:00,,,,1.050598229,,,,,,,,,,,,,,,,,,,,,,,,,,,,,,
17:24:00,,,,1.00283576,,,,,,,,,,,,,,,,,,,,,,,,,,,,,,
17:25:00,,,,1.33584404,,,,,,,,,,,,,,,,,,,,,,,,,,,,,,
17:26:00,,,,1.455633356,,,,,,,,,,,,,,,,,,,,,,,,,,,,,,
17:27:00,,,,1.52468774,,,,,,,,,,,,,,,,,,,,,,,,,,,,,,
17:28:00,,,,1.539564425,,,,,,,,,,,,,,,,,,,,,,,,,,,,,,
17:29:00,,,,1.535428926,,,,,,,,,,,,,,,,,,,,,,,,,,,,,,
17:30:00,,,,1.540781576,,,,,,,,,,,,,,,,,,,,,,,,,,,,,,
17:31:00,,,,1.535937123,,,,,,,,,,,,,,,,,,,,,,,,,,,,,,
17:32:00,,,,1.551398554,,,,,,,,,,,,,,,,,,,,,,,,,,,,,,
17:33:00,,,,1.556638475,,,,,,,,,,,,,,,,,,,,,,,,,,,,,,
17:34:00,,,,1.539971218,,,,,,,,,,,,,,,,,,,,,,,,,,,,,,
17:35:00,,,,1.499756887,,,,,,,,,,,,,,,,,,,,,,,,,,,,,,
17:36:00,,,,1.101483796,,,,,,,,,,,,,,,,,,,,,,,,,,,,,,
17:37:00,,,,1.494422854,,,,,,,,,,,,,,,,,,,,,,,,,,,,,,
17:38:00,,,,1.58153874,,,,,,,,,,,,,,,,,,,,,,,,,,,,,,
17:39:00,,,,1.598517545,,,,,,,,,,,,,,,,,,,,,,,,,,,,,,
17:40:00,,,,1.615975707,,,,,,,,,,,,,,,,,,,,,,,,,,,,,,
17:41:00,,,,1.633931301,,,,,,,,,,,,,,,,,,,,,,,,,,,,,,
17:42:00,,,,1.638965476,,,,,,,,,,,,,,,,,,,,,,,,,,,,,,
17:43:00,,,,1.61614579,,,,,,,,,,,,,,,,,,,,,,,,,,,,,,
17:44:00,,,,1.477803226,,,,,,,,,,,,,,,,,,,,,,,,,,,,,,
17:45:00,,,,1.155335369,,,,,,,,,,,,,,,,,,,,,,,,,,,,,,
17:46:00,,,,0.873416984,,,,,,,,,,,,,,,,,,,,,,,,,,,,,,
17:47:00,,,,0.713649599,,,,,,,,,,,,,,,,,,,,,,,,,,,,,,
17:48:00,,,,0.607675756,,,,,,,,,,,,,,,,,,,,,,,,,,,,,,
17:49:00,,,,0.610218816,,,,,,,,,,,,,,,,,,,,,,,,,,,,,,
17:50:00,,,,0.646703114,,,,,,,,,,,,,,,,,,,,,,,,,,,,,,
17:51:00,,,,0.773146225,,,,,,,,,,,,,,,,,,,,,,,,,,,,,,
17:52:00,,,,1.071044608,,,,,,,,,,,,,,,,,,,,,,,,,,,,,,
17:53:00,,,,1.426213467,,,,,,,,,,,,,,,,,,,,,,,,,,,,,,
17:54:00,,,,1.611179359,,,,,,,,,,,,,,,,,,,,,,,,,,,,,,
17:55:00,,,,1.547187587,,,,,,,,,,,,,,,,,,,,,,,,,,,,,,
17:56:00,,,,1.082298836,,,,,,,,,,,,,,,,,,,,,,,,,,,,,,
17:57:00,,,,1.035611048,,,,,,,,,,,,,,,,,,,,,,,,,,,,,,
17:58:00,,,,1.34293615,,,,,,,,,,,,,,,,,,,,,,,,,,,,,,
17:59:00,,,,,,,,,,,,,,,,,,,,,,,,,,,,,,,,,,
18:00:00,,,,,,,,,,,,,,,,,,,,,,,,,,,,,,,,,,
